"","V1","V2","V3","V4","total"
"1",2020,1,22,"#coronavirus",10054
"2",2020,1,22,"#wuhancoronavirus",3045
"3",2020,1,22,"#wuhan",2131
"4",2020,1,22,"#breaking",1464
"5",2020,1,22,"#wuhanpneumonia",1415
"6",2020,1,23,"#coronavirus",31529
"7",2020,1,23,"#wuhan",20628
"8",2020,1,23,"#wuhancoronavirus",13183
"9",2020,1,23,"#china",11942
"10",2020,1,23,"#wuhanpneumonia",5879
"11",2020,1,24,"#coronavirus",136031
"12",2020,1,24,"#wuhan",45323
"13",2020,1,24,"#china",17981
"14",2020,1,24,"#wuhancoronavirus",17558
"15",2020,1,24,"#coronavirusoutbreak",15592
"16",2020,1,25,"#coronavirus",182103
"17",2020,1,25,"#wuhan",56333
"18",2020,1,25,"#china",27812
"19",2020,1,25,"#wuhancoronavirus",18815
"20",2020,1,25,"#coronavirusoutbreak",17599
"21",2020,1,26,"#coronavirus",241317
"22",2020,1,26,"#wuhan",56695
"23",2020,1,26,"#coronavir",39021
"24",2020,1,26,"#coronaoutbreak",32049
"25",2020,1,26,"#china",31485
"26",2020,1,27,"#coronavirus",151572
"27",2020,1,27,"#wuhan",31008
"28",2020,1,27,"#china",18611
"29",2020,1,27,"#coronavir",12978
"30",2020,1,27,"#wuhancoronavirus",12844
"31",2020,1,28,"#coronavirus",176337
"32",2020,1,28,"#wuhan",28687
"33",2020,1,28,"#china",22168
"34",2020,1,28,"#hongkong",11409
"35",2020,1,28,"#wuhancoronavirus",10080
"36",2020,1,29,"#coronavirus",214454
"37",2020,1,29,"#china",40151
"38",2020,1,29,"#wuhan",29438
"39",2020,1,29,"#coronaravirus",19983
"40",2020,1,29,"#breaking",11432
"41",2020,1,30,"#coronavirus",272329
"42",2020,1,30,"#china",54262
"43",2020,1,30,"#wuhan",20427
"44",2020,1,30,"#ncov",19058
"45",2020,1,30,"#coronavirusoutbreak",18242
"46",2020,1,31,"#coronavirus",266925
"47",2020,1,31,"#china",48347
"48",2020,1,31,"#coronavirusoutbreak",30154
"49",2020,1,31,"#wuhan",20391
"50",2020,1,31,"#coronarvirus",13870
"51",2020,2,1,"#coronavirus",93107
"52",2020,2,1,"#china",20496
"53",2020,2,1,"#wuhan",19760
"54",2020,2,1,"#coronarovirus",7610
"55",2020,2,1,"#letsbeatcoronatogether",5691
"56",2020,2,2,"#coronavirus",106653
"57",2020,2,2,"#nomeatnocoronavirus",44921
"58",2020,2,2,"#wuhan",23010
"59",2020,2,2,"#china",22257
"60",2020,2,2,"#coronarivus",11648
"61",2020,2,3,"#coronavirus",121382
"62",2020,2,3,"#china",24562
"63",2020,2,3,"#wuhan",17748
"64",2020,2,3,"#coronavirusoutbreak",6532
"65",2020,2,3,"#nomeatnocoronavirus",4603
"66",2020,2,4,"#coronavirus",138680
"67",2020,2,4,"#china",30050
"68",2020,2,4,"#wuhan",21922
"69",2020,2,4,"#coronavirusoutbreak",10483
"70",2020,2,4,"#wuhancoronavirus",6589
"71",2020,2,5,"#coronavirus",121671
"72",2020,2,5,"#china",25803
"73",2020,2,5,"#wuhan",18240
"74",2020,2,5,"#coronavirusoutbreak",6980
"75",2020,2,5,"#coronaviruschina",5761
"76",2020,2,6,"#coronavirus",119460
"77",2020,2,6,"#china",26490
"78",2020,2,6,"#wuhan",21092
"79",2020,2,6,"#coronavirusoutbreak",6147
"80",2020,2,6,"#wuhancoronavirus",5736
"81",2020,2,7,"#coronavirus",110231
"82",2020,2,7,"#china",23384
"83",2020,2,7,"#wuhan",19557
"84",2020,2,7,"#coronavirusoutbreak",5714
"85",2020,2,7,"#liwenliang",5616
"86",2020,2,8,"#coronavirus",108560
"87",2020,2,8,"#china",25868
"88",2020,2,8,"#wuhan",18919
"89",2020,2,8,"#coronavirusoutbreak",6333
"90",2020,2,8,"#wuhancoronavirus",4534
"91",2020,2,9,"#coronavirus",115724
"92",2020,2,9,"#china",28354
"93",2020,2,9,"#wuhan",22999
"94",2020,2,9,"#pakstandswithchina",15138
"95",2020,2,9,"#themoreyouknow",13309
"96",2020,2,10,"#coronavirus",142637
"97",2020,2,10,"#china",29867
"98",2020,2,10,"#wuhan",21628
"99",2020,2,10,"#wuhancoronavirus",9699
"100",2020,2,10,"#coronavirusoutbreak",6315
"101",2020,2,11,"#coronavirus",136337
"102",2020,2,11,"#china",29351
"103",2020,2,11,"#wuhan",17814
"104",2020,2,11,"#covid19",10759
"105",2020,2,11,"#wuhancoronavirus",9857
"106",2020,2,12,"#coronavirus",122120
"107",2020,2,12,"#covid19",28304
"108",2020,2,12,"#china",24641
"109",2020,2,12,"#wuhan",13304
"110",2020,2,12,"#coronavirusoutbreak",7624
"111",2020,2,13,"#coronavirus",133952
"112",2020,2,13,"#covid19",35051
"113",2020,2,13,"#china",30091
"114",2020,2,13,"#wuhan",15110
"115",2020,2,13,"#coronavirusoutbreak",10636
"116",2020,2,14,"#coronavirus",115341
"117",2020,2,14,"#covid19",32006
"118",2020,2,14,"#china",31027
"119",2020,2,14,"#wuhan",14227
"120",2020,2,14,"#coronavirusoutbreak",9615
"121",2020,2,15,"#coronavirus",100515
"122",2020,2,15,"#covid19",40746
"123",2020,2,15,"#china",26685
"124",2020,2,15,"#wuhan",15080
"125",2020,2,15,"#coronavirusoutbreak",8387
"126",2020,2,16,"#coronavirus",92996
"127",2020,2,16,"#covid19",31723
"128",2020,2,16,"#china",22658
"129",2020,2,16,"#wuhan",13379
"130",2020,2,16,"#coronavirusoutbreak",11320
"131",2020,2,17,"#coronavirus",99956
"132",2020,2,17,"#covid19",34783
"133",2020,2,17,"#china",26868
"134",2020,2,17,"#wuhan",12554
"135",2020,2,17,"#coronavirusoutbreak",9082
"136",2020,2,18,"#coronavirus",102768
"137",2020,2,18,"#covid19",39134
"138",2020,2,18,"#china",28557
"139",2020,2,18,"#wuhan",13011
"140",2020,2,18,"#coronavirusoutbreak",5907
"141",2020,2,19,"#coronavirus",75495
"142",2020,2,19,"#covid19",30523
"143",2020,2,19,"#china",25846
"144",2020,2,19,"#wuhan",9218
"145",2020,2,19,"#coronavirusoutbreak",5126
"146",2020,2,20,"#coronavirus",87398
"147",2020,2,20,"#covid19",40317
"148",2020,2,20,"#china",28962
"149",2020,2,20,"#wuhan",10081
"150",2020,2,20,"#coronavirusoutbreak",6948
"151",2020,2,21,"#coronavirus",135040
"152",2020,2,21,"#covid19",53132
"153",2020,2,21,"#china",24952
"154",2020,2,21,"#corona",13466
"155",2020,2,21,"#wuhan",9553
"156",2020,2,22,"#coronavirus",136580
"157",2020,2,22,"#covid19",40511
"158",2020,2,22,"#china",18661
"159",2020,2,22,"#coronavirusitalia",7276
"160",2020,2,22,"#wuhan",7095
"161",2020,2,23,"#coronavirus",29401
"162",2020,2,23,"#covid19",7207
"163",2020,2,23,"#china",1602
"164",2020,2,23,"#iran",1562
"165",2020,2,23,"#covid19italia",1141
"166",2020,2,24,"#coronavirus",136588
"167",2020,2,24,"#covid19",43345
"168",2020,2,24,"#china",10858
"169",2020,2,24,"#iran",6222
"170",2020,2,24,"#wuhan",5543
"171",2020,2,25,"#coronavirus",118729
"172",2020,2,25,"#covid19",27947
"173",2020,2,25,"#china",9506
"174",2020,2,25,"#covid<u+30fc>19",6842
"175",2020,2,25,"#coronavirius",6691
"176",2020,2,26,"#coronavirus",119247
"177",2020,2,26,"#covid19",27460
"178",2020,2,26,"#covid<u+30fc>19",14455
"179",2020,2,26,"#coronavirusoutbreak",9297
"180",2020,2,26,"#china",7763
"181",2020,2,27,"#coronavirus",119947
"182",2020,2,27,"#covid19",22983
"183",2020,2,27,"#covid<u+30fc>19",9726
"184",2020,2,27,"#coronavirusoutbreak",8756
"185",2020,2,27,"#china",5839
"186",2020,2,28,"#coronavirus",190667
"187",2020,2,28,"#covid19",40747
"188",2020,2,28,"#covid<u+30fc>19",24552
"189",2020,2,28,"#coronavirusoutbreak",13284
"190",2020,2,28,"#coronavirusupdates",13169
"191",2020,2,29,"#coronavirus",494200
"192",2020,2,29,"#covid19",94224
"193",2020,2,29,"#china",29935
"194",2020,2,29,"#hoax",20100
"195",2020,2,29,"#covid2019",16718
"196",2020,3,1,"#coronavirus",325517
"197",2020,3,1,"#covid19",84166
"198",2020,3,1,"#china",25433
"199",2020,3,1,"#coronavirusupdate",14767
"200",2020,3,1,"#covid<u+30fc>19",11298
"201",2020,3,2,"#coronavirus",102450
"202",2020,3,2,"#covid19",35386
"203",2020,3,2,"#covid<u+30fc>19",9136
"204",2020,3,2,"#coronavirusupdate",6742
"205",2020,3,2,"#coronaoutbreak",5727
"206",2020,3,3,"#coronavirus",373376
"207",2020,3,3,"#covid19",148582
"208",2020,3,3,"#coronaoutbreak",20612
"209",2020,3,3,"#china",20558
"210",2020,3,3,"#michaelbloomberg",15000
"211",2020,3,4,"#coronavirus",365599
"212",2020,3,4,"#covid19",151310
"213",2020,3,4,"#china",25306
"214",2020,3,4,"#coronaoutbreak",15147
"215",2020,3,4,"#coronavirusoutbreak",14831
"216",2020,3,5,"#coronavirus",134814
"217",2020,3,5,"#covid19",37661
"218",2020,3,5,"#covid<u+30fc>19",24049
"219",2020,3,5,"#coronvirus",7154
"220",2020,3,5,"#china",5700
"221",2020,3,6,"#coronavirus",192463
"222",2020,3,6,"#covid<u+30fc>19",83377
"223",2020,3,6,"#covid19",40269
"224",2020,3,6,"#coronavirusoutbreak",8925
"225",2020,3,6,"#corona",5985
"226",2020,3,7,"#coronavirus",140005
"227",2020,3,7,"#covid<u+30fc>19",95925
"228",2020,3,7,"#covid19",60666
"229",2020,3,7,"#corona",5387
"230",2020,3,7,"#china",5198
"231",2020,3,8,"#coronavirus",116668
"232",2020,3,8,"#covid19",82091
"233",2020,3,8,"#covid<u+30fc>19",25409
"234",2020,3,8,"#covid2019",5082
"235",2020,3,8,"#china",4473
"236",2020,3,9,"#coronavirus",117557
"237",2020,3,9,"#covid19",65360
"238",2020,3,9,"#covid2019",13004
"239",2020,3,9,"#covid<u+30fc>19",10323
"240",2020,3,9,"#coronavirusoutbreak",6256
"241",2020,3,10,"#coronavirus",111242
"242",2020,3,10,"#covid19",64452
"243",2020,3,10,"#covid2019",12698
"244",2020,3,10,"#corona",11422
"245",2020,3,10,"#italy",6037
"246",2020,3,11,"#coronavirus",116594
"247",2020,3,11,"#covid19",87729
"248",2020,3,11,"#corona",20526
"249",2020,3,11,"#covid2019",4488
"250",2020,3,11,"#coronavirusupdate",4423
"251",2020,3,12,"#coronavirus",82743
"252",2020,3,12,"#covid19",79707
"253",2020,3,12,"#corona",6277
"254",2020,3,12,"#coronaviruspandemic",5858
"255",2020,3,12,"#covid<u+30fc>19",3898
"256",2020,3,13,"#covid19",77924
"257",2020,3,13,"#coronavirus",77669
"258",2020,3,13,"#coronaviruspandemic",6562
"259",2020,3,13,"#corona",5290
"260",2020,3,13,"#coronaoutbreak",3418
"261",2020,3,14,"#coronavirus",89705
"262",2020,3,14,"#covid19",76066
"263",2020,3,14,"#covid<u+30fc>19",28814
"264",2020,3,14,"#coronapocalypse",6773
"265",2020,3,14,"#coronaviruspandemic",6510
"266",2020,3,15,"#coronavirus",85551
"267",2020,3,15,"#covid19",57612
"268",2020,3,15,"#covid<u+30fc>19",53975
"269",2020,3,15,"#coronavirusupdates",7733
"270",2020,3,15,"#corona",5159
"271",2020,3,16,"#coronavirus",89207
"272",2020,3,16,"#covid19",61596
"273",2020,3,16,"#covid<u+30fc>19",26004
"274",2020,3,16,"#dontbeaspreader",5703
"275",2020,3,16,"#corona",5353
"276",2020,3,17,"#coronavirus",257736
"277",2020,3,17,"#covid19",170924
"278",2020,3,17,"#covid<u+30fc>19",22104
"279",2020,3,17,"#covid2019",17778
"280",2020,3,17,"#dontbeaspreader",14096
"281",2020,3,18,"#coronavirus",113894
"282",2020,3,18,"#covid19",97304
"283",2020,3,18,"#covid2019",10393
"284",2020,3,18,"#corona",6673
"285",2020,3,18,"#covid<u+30fc>19",5352
"286",2020,3,19,"#coronavirus",199209
"287",2020,3,19,"#covid19",170901
"288",2020,3,19,"#covid",13038
"289",2020,3,19,"#coronavirusupdate",12512
"290",2020,3,19,"#corona",11401
"291",2020,3,20,"#covid19",234359
"292",2020,3,20,"#coronavirus",194347
"293",2020,3,20,"#covid",26059
"294",2020,3,20,"#coronavirusupdate",15555
"295",2020,3,20,"#corona",12336
"296",2020,3,21,"#covid19",263363
"297",2020,3,21,"#coronavirus",186579
"298",2020,3,21,"#coronaviruspandemic",15210
"299",2020,3,21,"#covid",13837
"300",2020,3,21,"#corona",13400
"301",2020,3,22,"#coronavirus",191789
"302",2020,3,22,"#covid19",178356
"303",2020,3,22,"#covid<u+30fc>19",50181
"304",2020,3,22,"#jantacurfew",27955
"305",2020,3,22,"#stayathome",20633
"306",2020,3,23,"#coronavirus",191728
"307",2020,3,23,"#covid19",163125
"308",2020,3,23,"#covid<u+30fc>19",66077
"309",2020,3,23,"#corona",13295
"310",2020,3,23,"#covid",11062
"311",2020,3,24,"#covid19",62402
"312",2020,3,24,"#coronavirus",49166
"313",2020,3,24,"#covid<u+30fc>19",26365
"314",2020,3,24,"#stayhome",6788
"315",2020,3,24,"#stayathome",5696
"316",2020,3,25,"#coronavirus",97135
"317",2020,3,25,"#covid19",83294
"318",2020,3,25,"#covid<u+30fc>19",13231
"319",2020,3,25,"#covid2019",9768
"320",2020,3,25,"#stayhome",9081
"321",2020,3,26,"#coronavirus",184003
"322",2020,3,26,"#covid19",169897
"323",2020,3,26,"#covid2019",30400
"324",2020,3,26,"#covid",15144
"325",2020,3,26,"#covid<u+30fc>19",13921
"326",2020,3,27,"#covid19",167066
"327",2020,3,27,"#coronavirus",160140
"328",2020,3,27,"#covid2019",19145
"329",2020,3,27,"#covid",14185
"330",2020,3,27,"#stayhome",11498
"331",2020,3,28,"#covid19",217907
"332",2020,3,28,"#coronavirus",186626
"333",2020,3,28,"#coronalockdown",12728
"334",2020,3,28,"#corona",12575
"335",2020,3,28,"#covid",12290
"336",2020,3,29,"#covid19",245027
"337",2020,3,29,"#coronavirus",183834
"338",2020,3,29,"#coronaupdate",13028
"339",2020,3,29,"#covid",12055
"340",2020,3,29,"#stayhome",11790
"341",2020,3,30,"#covid19",177116
"342",2020,3,30,"#coronavirus",137452
"343",2020,3,30,"#stayhome",12254
"344",2020,3,30,"#lockdown",11610
"345",2020,3,30,"#corona",9104
"346",2020,3,31,"#covid19",90794
"347",2020,3,31,"#coronavirus",50828
"348",2020,3,31,"#stayathome",9398
"349",2020,3,31,"#stayhome",6742
"350",2020,3,31,"#corona",6240
"351",2020,4,1,"#covid19",130667
"352",2020,4,1,"#coronavirus",116016
"353",2020,4,1,"#covid<u+30fc>19",37128
"354",2020,4,1,"#stayathome",10144
"355",2020,4,1,"#covid",9894
"356",2020,4,2,"#coronavirus",182185
"357",2020,4,2,"#covid19",166470
"358",2020,4,2,"#covid<u+30fc>19",42470
"359",2020,4,2,"#covid",15945
"360",2020,4,2,"#corona",13706
"361",2020,4,3,"#covid19",178027
"362",2020,4,3,"#coronavirus",162811
"363",2020,4,3,"#covid<u+30fc>19",25978
"364",2020,4,3,"#covid",14282
"365",2020,4,3,"#covid19pandemic",11957
"366",2020,4,4,"#covid19",195650
"367",2020,4,4,"#coronavirus",173367
"368",2020,4,4,"#covid2019",19947
"369",2020,4,4,"#stayhome",14382
"370",2020,4,4,"#covid",11761
"371",2020,4,5,"#covid19",197307
"372",2020,4,5,"#coronavirus",184632
"373",2020,4,5,"#covid2019",19169
"374",2020,4,5,"#stayhome",16028
"375",2020,4,5,"#covid",14110
"376",2020,4,6,"#covid19",267777
"377",2020,4,6,"#coronavirus",167608
"378",2020,4,6,"#covid",14230
"379",2020,4,6,"#stayhome",13949
"380",2020,4,6,"#hydroxychloroquine",12162
"381",2020,4,7,"#covid19",239124
"382",2020,4,7,"#coronavirus",166829
"383",2020,4,7,"#worldhealthday",25956
"384",2020,4,7,"#covid",14939
"385",2020,4,7,"#stayhome",13592
"386",2020,4,8,"#covid19",162393
"387",2020,4,8,"#coronavirus",120989
"388",2020,4,8,"#covid",18376
"389",2020,4,8,"#stayhome",17770
"390",2020,4,8,"#covid<u+30fc>19",14324
"391",2020,4,9,"#covid19",130251
"392",2020,4,9,"#coronavirus",101027
"393",2020,4,9,"#covid<u+30fc>19",28149
"394",2020,4,9,"#covid",18577
"395",2020,4,9,"#stayhome",16226
"396",2020,4,10,"#covid19",177394
"397",2020,4,10,"#coronavirus",173679
"398",2020,4,10,"#covid<u+30fc>19",43403
"399",2020,4,10,"#stayhome",22717
"400",2020,4,10,"#covid",19873
"401",2020,4,11,"#covid19",196069
"402",2020,4,11,"#coronavirus",161824
"403",2020,4,11,"#covid<u+30fc>19",38359
"404",2020,4,11,"#stayhome",26280
"405",2020,4,11,"#covid",17246
"406",2020,4,12,"#covid19",210992
"407",2020,4,12,"#coronavirus",153303
"408",2020,4,12,"#china",64030
"409",2020,4,12,"#stayhome",27671
"410",2020,4,12,"#nnevvy",18571
"411",2020,4,13,"#covid19",212093
"412",2020,4,13,"#coronavirus",161866
"413",2020,4,13,"#china",38949
"414",2020,4,13,"#stayhome",19846
"415",2020,4,13,"#covid2019",17763
"416",2020,4,14,"#covid19",203460
"417",2020,4,14,"#coronavirus",165476
"418",2020,4,14,"#c",21423
"419",2020,4,14,"#stayhome",20832
"420",2020,4,14,"#covid",17169
"421",2020,4,15,"#covid19",224478
"422",2020,4,15,"#coronavirus",163044
"423",2020,4,15,"#stayhome",18518
"424",2020,4,15,"#covid",16166
"425",2020,4,15,"#china",12706
"426",2020,4,16,"#covid19",259902
"427",2020,4,16,"#coronavirus",166402
"428",2020,4,16,"#covid",20274
"429",2020,4,16,"#stayhome",18630
"430",2020,4,16,"#lockdown",15631
"431",2020,4,17,"#covid19",247528
"432",2020,4,17,"#coronavirus",150517
"433",2020,4,17,"#stayhome",19153
"434",2020,4,17,"#covid",17811
"435",2020,4,17,"#lockdown",11524
"436",2020,4,18,"#covid19",225028
"437",2020,4,18,"#coronavirus",148337
"438",2020,4,18,"#covid",32618
"439",2020,4,18,"#stayhome",25051
"440",2020,4,18,"#togetherathome",23399
"441",2020,4,19,"#covid19",193251
"442",2020,4,19,"#coronavirus",154970
"443",2020,4,19,"#togetherathome",62167
"444",2020,4,19,"#covid",38543
"445",2020,4,19,"#stayhome",21266
"446",2020,4,20,"#covid19",189642
"447",2020,4,20,"#coronavirus",159815
"448",2020,4,20,"#stayhome",28562
"449",2020,4,20,"#covid<u+30fc>19",28440
"450",2020,4,20,"#covid",22435
"451",2020,4,21,"#covid19",79539
"452",2020,4,21,"#coronavirus",36854
"453",2020,4,21,"#covid<u+30fc>19",20167
"454",2020,4,21,"#stayhome",17150
"455",2020,4,21,"#lockdown",7682
"456",2020,4,22,"#covid19",189029
"457",2020,4,22,"#coronavirus",159816
"458",2020,4,22,"#covid<u+30fc>19",31370
"459",2020,4,22,"#stayhome",21500
"460",2020,4,22,"#covid",20860
"461",2020,4,23,"#covid19",217425
"462",2020,4,23,"#coronavirus",150666
"463",2020,4,23,"#stayhome",24637
"464",2020,4,23,"#covid",16367
"465",2020,4,23,"#covid<u+30fc>19",12947
"466",2020,4,24,"#covid19",255695
"467",2020,4,24,"#coronavirus",177554
"468",2020,4,24,"#stayhome",27914
"469",2020,4,24,"#covid",22458
"470",2020,4,24,"#trump",12783
"471",2020,4,25,"#covid19",292529
"472",2020,4,25,"#coronavirus",153685
"473",2020,4,25,"#covid",30095
"474",2020,4,25,"#stayhome",27275
"475",2020,4,25,"#lockdown",19149
"476",2020,4,26,"#covid19",273662
"477",2020,4,26,"#coronavirus",172220
"478",2020,4,26,"#stayhome",31717
"479",2020,4,26,"#covid",21966
"480",2020,4,26,"#lockdown",20396
"481",2020,4,27,"#covid19",261839
"482",2020,4,27,"#coronavirus",177464
"483",2020,4,27,"#stayhome",29912
"484",2020,4,27,"#covid",23382
"485",2020,4,27,"#lockdown",21171
"486",2020,4,28,"#covid19",197878
"487",2020,4,28,"#coronavirus",137120
"488",2020,4,28,"#stayhome",23152
"489",2020,4,28,"#covid",20260
"490",2020,4,28,"#lockdown",13519
"491",2020,4,29,"#covid19",167283
"492",2020,4,29,"#coronavirus",97553
"493",2020,4,29,"#stayhome",23266
"494",2020,4,29,"#covid",11636
"495",2020,4,29,"#lockdown",9507
"496",2020,4,30,"#covid19",243256
"497",2020,4,30,"#coronavirus",153028
"498",2020,4,30,"#covid",25084
"499",2020,4,30,"#stayhome",24435
"500",2020,4,30,"#lockdown",13629
"501",2020,5,1,"#covid19",219044
"502",2020,5,1,"#coronavirus",141085
"503",2020,5,1,"#stayhome",30047
"504",2020,5,1,"#covid",27478
"505",2020,5,1,"#lockdown",19338
"506",2020,5,2,"#covid19",257244
"507",2020,5,2,"#coronavirus",153811
"508",2020,5,2,"#stayhome",35250
"509",2020,5,2,"#covid",26671
"510",2020,5,2,"#lockdown",17333
"511",2020,5,3,"#covid19",214307
"512",2020,5,3,"#coronavirus",143461
"513",2020,5,3,"#stayhome",32999
"514",2020,5,3,"#covid",24193
"515",2020,5,3,"#covid<u+30fc>19",18634
"516",2020,5,4,"#covid19",194242
"517",2020,5,4,"#coronavirus",153624
"518",2020,5,4,"#covid<u+30fc>19",49019
"519",2020,5,4,"#stayhome",27540
"520",2020,5,4,"#covid",22645
"521",2020,5,5,"#covid19",138762
"522",2020,5,5,"#coronavirus",46486
"523",2020,5,5,"#covid<u+30fc>19",29725
"524",2020,5,5,"#stayhome",24762
"525",2020,5,5,"#covid",17268
"526",2020,5,6,"#covid19",231502
"527",2020,5,6,"#coronavirus",143828
"528",2020,5,6,"#stayhome",23043
"529",2020,5,6,"#covid",22142
"530",2020,5,6,"#covid<u+30fc>19",18530
"531",2020,5,7,"#covid19",284627
"532",2020,5,7,"#coronavirus",168722
"533",2020,5,7,"#covid",23998
"534",2020,5,7,"#stayhome",21577
"535",2020,5,7,"#lockdown",16264
"536",2020,5,8,"#covid19",276762
"537",2020,5,8,"#coronavirus",152173
"538",2020,5,8,"#stayhome",27133
"539",2020,5,8,"#covid",21544
"540",2020,5,8,"#lockdown",17417
"541",2020,5,9,"#covid19",259887
"542",2020,5,9,"#coronavirus",159213
"543",2020,5,9,"#truebloodpump",33378
"544",2020,5,9,"#partisipasicegahcovid19",27687
"545",2020,5,9,"#covid",24490
"546",2020,5,10,"#covid19",236959
"547",2020,5,10,"#coronavirus",187288
"548",2020,5,10,"#stayhome",28328
"549",2020,5,10,"#covid",23296
"550",2020,5,10,"#lockdown",15078
"551",2020,5,11,"#covid19",241943
"552",2020,5,11,"#coronavirus",192110
"553",2020,5,11,"#covid",26757
"554",2020,5,11,"#stayhome",19112
"555",2020,5,11,"#lockdown",16645
"556",2020,5,12,"#covid19",213259
"557",2020,5,12,"#coronavirus",161483
"558",2020,5,12,"#covid",29046
"559",2020,5,12,"#siagalawancovid19",24043
"560",2020,5,12,"#covid<u+30fc>19",18574
"561",2020,5,13,"#covid19",204860
"562",2020,5,13,"#coronavirus",163272
"563",2020,5,13,"#covid<u+30fc>19",37724
"564",2020,5,13,"#covid",22392
"565",2020,5,13,"#dirumahaja",16641
"566",2020,5,14,"#covid19",213809
"567",2020,5,14,"#coronavirus",161831
"568",2020,5,14,"#covid<u+30fc>19",28014
"569",2020,5,14,"#covid",26600
"570",2020,5,14,"#stayhome",13911
"571",2020,5,15,"#covid19",218579
"572",2020,5,15,"#coronavirus",175942
"573",2020,5,15,"#covid",33544
"574",2020,5,15,"#sembakopolripeduli",17453
"575",2020,5,15,"#covid<u+30fc>19",17182
"576",2020,5,16,"#covid19",211625
"577",2020,5,16,"#coronavirus",169824
"578",2020,5,16,"#covid",27790
"579",2020,5,16,"#stayhome",19340
"580",2020,5,16,"#lockdown",16064
"581",2020,5,17,"#covid19",206386
"582",2020,5,17,"#coronavirus",142236
"583",2020,5,17,"#covid",47862
"584",2020,5,17,"#lockdown",21220
"585",2020,5,17,"#stayhome",15445
"586",2020,5,18,"#covid19",240225
"587",2020,5,18,"#coronavirus",160949
"588",2020,5,18,"#covid",29799
"589",2020,5,18,"#polriberbagikasih",28866
"590",2020,5,18,"#lockdown",12479
"591",2020,5,19,"#covid19",271483
"592",2020,5,19,"#coronavirus",162055
"593",2020,5,19,"#covid",25873
"594",2020,5,19,"#patuhiprotokolcovid19",19909
"595",2020,5,19,"#hydroxychloroquine",15926
"596",2020,5,20,"#covid19",276426
"597",2020,5,20,"#coronavirus",153136
"598",2020,5,20,"#covid",26617
"599",2020,5,20,"#opsketupatcegahcovid19",17802
"600",2020,5,20,"#stayhome",11959
"601",2020,5,21,"#covid19",257835
"602",2020,5,21,"#coronavirus",156207
"603",2020,5,21,"#covid",25188
"604",2020,5,21,"#wuhancoronavirus",16227
"605",2020,5,21,"#heels",15795
"606",2020,5,22,"#covid19",201973
"607",2020,5,22,"#coronavirus",157673
"608",2020,5,22,"#covid<u+30fc>19",28439
"609",2020,5,22,"#covid",24115
"610",2020,5,22,"#dirumahajalebihbaik",23498
"611",2020,5,23,"#covid19",150110
"612",2020,5,23,"#coronavirus",122127
"613",2020,5,23,"#covid<u+30fc>19",36956
"614",2020,5,23,"#covid",23556
"615",2020,5,23,"#stayhome",14588
"616",2020,5,24,"#covid19",140544
"617",2020,5,24,"#coronavirus",113513
"618",2020,5,24,"#covid",26258
"619",2020,5,24,"#covid<u+30fc>19",25883
"620",2020,5,24,"#stayhome",16721
"621",2020,5,25,"#covid19",164358
"622",2020,5,25,"#coronavirus",137824
"623",2020,5,25,"#covid",23029
"624",2020,5,25,"#covid<u+30fc>19",22949
"625",2020,5,25,"#lockdown",11836
"626",2020,5,26,"#covid19",213382
"627",2020,5,26,"#coronavirus",138112
"628",2020,5,26,"#covid",29269
"629",2020,5,26,"#lockdown",14523
"630",2020,5,26,"#covid<u+30fc>19",11943
"631",2020,5,27,"#covid19",230826
"632",2020,5,27,"#coronavirus",124158
"633",2020,5,27,"#covid",30019
"634",2020,5,27,"#lockdown",10938
"635",2020,5,27,"#tundabalikkejakarta",9029
"636",2020,5,28,"#covid19",198431
"637",2020,5,28,"#coronavirus",123622
"638",2020,5,28,"#executiveorder",33085
"639",2020,5,28,"#covid",27055
"640",2020,5,28,"#lockdown",8361
"641",2020,5,29,"#covid19",197984
"642",2020,5,29,"#coronavirus",133482
"643",2020,5,29,"#covid",23753
"644",2020,5,29,"#executiveorder",13532
"645",2020,5,29,"#lockdown",10951
"646",2020,5,30,"#covid19",157347
"647",2020,5,30,"#coronavirus",127311
"648",2020,5,30,"#covid",25081
"649",2020,5,30,"#minneapolisriot",16472
"650",2020,5,30,"#lockdown",12684
"651",2020,5,31,"#covid19",142669
"652",2020,5,31,"#coronavirus",115159
"653",2020,5,31,"#rgpvspreadingcoronavirus",92426
"654",2020,5,31,"#anonymous",26307
"655",2020,5,31,"#kiitkissfightscovid19",25710
"656",2020,6,1,"#covid19",160582
"657",2020,6,1,"#coronavirus",118173
"658",2020,6,1,"#ebola",29569
"659",2020,6,1,"#anonymous",25415
"660",2020,6,1,"#covid",17324
"661",2020,6,2,"#covid19",169255
"662",2020,6,2,"#coronavirus",106852
"663",2020,6,2,"#covid",16316
"664",2020,6,2,"#blacklivesmatter",10944
"665",2020,6,2,"#covid<u+30fc>19",10037
"666",2020,6,3,"#covid19",186460
"667",2020,6,3,"#coronavirus",131171
"668",2020,6,3,"#canceltsexamspromotestudents",29178
"669",2020,6,3,"#covid",16266
"670",2020,6,3,"#cancelapexamspromotestudents",15955
"671",2020,6,4,"#covid19",166973
"672",2020,6,4,"#coronavirus",122260
"673",2020,6,4,"#covid<u+30fc>19",33501
"674",2020,6,4,"#covid",18522
"675",2020,6,4,"#cancelapexamspromotestudents",13008
"676",2020,6,5,"#covid19",138609
"677",2020,6,5,"#coronavirus",89745
"678",2020,6,5,"#covid<u+30fc>19",31344
"679",2020,6,5,"#covid",14491
"680",2020,6,5,"#promoteallcollegestudents",14011
"681",2020,6,6,"#covid19",298341
"682",2020,6,6,"#coronavirus",118317
"683",2020,6,6,"#covid<u+30fc>19",42515
"684",2020,6,6,"#covid",24073
"685",2020,6,6,"#stayhome",19936
"686",2020,6,7,"#covid19",311202
"687",2020,6,7,"#coronavirus",124325
"688",2020,6,7,"#blacklivesmatter",28033
"689",2020,6,7,"#covid<u+30fc>19",27208
"690",2020,6,7,"#covid",24973
"691",2020,6,8,"#covid19",409875
"692",2020,6,8,"#coronavirus",144139
"693",2020,6,8,"#covid",28937
"694",2020,6,8,"#covid<u+30fc>19",18071
"695",2020,6,8,"#corona",18029
"696",2020,6,9,"#covid19",388504
"697",2020,6,9,"#coronavirus",156074
"698",2020,6,9,"#covid",36345
"699",2020,6,9,"#covid<u+30fc>19",18861
"700",2020,6,9,"#corona",18499
"701",2020,6,10,"#covid19",422231
"702",2020,6,10,"#coronavirus",147983
"703",2020,6,10,"#exigimosinsumosdecalidad",45934
"704",2020,6,10,"#covid",33284
"705",2020,6,10,"#lockdown",21325
"706",2020,6,11,"#covid19",437285
"707",2020,6,11,"#coronavirus",141858
"708",2020,6,11,"#covid",34011
"709",2020,6,11,"#médicosenpeligro",29440
"710",2020,6,11,"#lockdown",20152
"711",2020,6,12,"#covid19",397510
"712",2020,6,12,"#coronavirus",124636
"713",2020,6,12,"#stayhome",54537
"714",2020,6,12,"#covid",33358
"715",2020,6,12,"#corona",19122
"716",2020,6,13,"#covid19",338894
"717",2020,6,13,"#coronavirus",120001
"718",2020,6,13,"#covid",34018
"719",2020,6,13,"#stayhome",16463
"720",2020,6,13,"#lockdown",14748
"721",2020,6,14,"#covid19",299626
"722",2020,6,14,"#coronavirus",123972
"723",2020,6,14,"#covid",23092
"724",2020,6,14,"#stayhome",14548
"725",2020,6,14,"#corona",12914
"726",2020,6,15,"#covid19",376988
"727",2020,6,15,"#coronavirus",131734
"728",2020,6,15,"#covid",24951
"729",2020,6,15,"#lockdown",19202
"730",2020,6,15,"#stayhome",15590
"731",2020,6,16,"#covid19",368226
"732",2020,6,16,"#coronavirus",138044
"733",2020,6,16,"#covid",28693
"734",2020,6,16,"#corona",15301
"735",2020,6,16,"#breaking",14785
"736",2020,6,17,"#covid19",381811
"737",2020,6,17,"#coronavirus",138040
"738",2020,6,17,"#covid",26289
"739",2020,6,17,"#breaking",20741
"740",2020,6,17,"#worldwar3",15526
"741",2020,6,18,"#covid19",386162
"742",2020,6,18,"#coronavirus",133192
"743",2020,6,18,"#covid",29889
"744",2020,6,18,"#stayhome",15029
"745",2020,6,18,"#lockdown",14896
"746",2020,6,19,"#covid19",357652
"747",2020,6,19,"#coronavirus",133618
"748",2020,6,19,"#stayhome",27442
"749",2020,6,19,"#covid",27416
"750",2020,6,19,"#lockdown",15534
"751",2020,6,20,"#covid19",302187
"752",2020,6,20,"#coronavirus",120536
"753",2020,6,20,"#stayhome",27665
"754",2020,6,20,"#covid",27540
"755",2020,6,20,"#justiceforandresguardado",21133
"756",2020,6,21,"#covid19",275986
"757",2020,6,21,"#coronavirus",109448
"758",2020,6,21,"#covid",23795
"759",2020,6,21,"#stayhome",17581
"760",2020,6,21,"#carelessaku",16872
"761",2020,6,22,"#covid19",349448
"762",2020,6,22,"#coronavirus",142595
"763",2020,6,22,"#covid",35005
"764",2020,6,22,"#noexamsincovid",24565
"765",2020,6,22,"#cuarentenaestricta",20978
"766",2020,6,23,"#covid19",366671
"767",2020,6,23,"#coronavirus",149152
"768",2020,6,23,"#patanjali",42334
"769",2020,6,23,"#coronil",39554
"770",2020,6,23,"#covid",34731
"771",2020,6,24,"#covid19",348711
"772",2020,6,24,"#coronavirus",136170
"773",2020,6,24,"#covid",39834
"774",2020,6,24,"#corona",20633
"775",2020,6,24,"#lockdown",13944
"776",2020,6,25,"#covid19",379734
"777",2020,6,25,"#coronavirus",130351
"778",2020,6,25,"#covid",34220
"779",2020,6,25,"#corona",16677
"780",2020,6,25,"#trumpvirus",15464
"781",2020,6,26,"#covid19",357078
"782",2020,6,26,"#coronavirus",128168
"783",2020,6,26,"#stayhome",57198
"784",2020,6,26,"#musicbank",48515
"785",2020,6,26,"#safewithtwitter",37799
"786",2020,6,27,"#covid19",345684
"787",2020,6,27,"#coronavirus",121484
"788",2020,6,27,"#postponeneetandjee",54783
"789",2020,6,27,"#covid",29340
"790",2020,6,27,"#corona",17700
"791",2020,6,28,"#covid19",322875
"792",2020,6,28,"#coronavirus",114864
"793",2020,6,28,"#covid",30775
"794",2020,6,28,"#postponeneetandjee",16266
"795",2020,6,28,"#corona",15220
"796",2020,6,29,"#covid19",336363
"797",2020,6,29,"#coronavirus",127084
"798",2020,6,29,"#covid",34241
"799",2020,6,29,"#wearamask",21585
"800",2020,6,29,"#postponeneetandjee",19105
"801",2020,6,30,"#covid19",350508
"802",2020,6,30,"#coronavirus",122008
"803",2020,6,30,"#covid",32182
"804",2020,6,30,"#wearamask",25870
"805",2020,6,30,"#lockdown",17916
"806",2020,7,1,"#covid19",364091
"807",2020,7,1,"#coronavirus",131781
"808",2020,7,1,"#covid<u+30fc>19",53816
"809",2020,7,1,"#covid",34475
"810",2020,7,1,"#doctorsday",22061
"811",2020,7,2,"#covid19",304322
"812",2020,7,2,"#coronavirus",116702
"813",2020,7,2,"#covid<u+30fc>19",61039
"814",2020,7,2,"#covid",29722
"815",2020,7,2,"#wearamask",14209
"816",2020,7,3,"#covid19",297551
"817",2020,7,3,"#coronavirus",125665
"818",2020,7,3,"#covid<u+30fc>19",62669
"819",2020,7,3,"#covid",28267
"820",2020,7,3,"#wearamask",12960
"821",2020,7,4,"#covid19",308217
"822",2020,7,4,"#coronavirus",115968
"823",2020,7,4,"#covid<u+30fc>19",30820
"824",2020,7,4,"#covid",29622
"825",2020,7,4,"#wearamask",16107
"826",2020,7,5,"#covid19",294666
"827",2020,7,5,"#coronavirus",113896
"828",2020,7,5,"#covid",28280
"829",2020,7,5,"#covid<u+30fc>19",17669
"830",2020,7,5,"#stayhome",13857
"831",2020,7,6,"#covid19",293758
"832",2020,7,6,"#coronavirus",123538
"833",2020,7,6,"#covid",46562
"834",2020,7,6,"#covid<u+30fc>19",42646
"835",2020,7,6,"#trumpvirus",27313
"836",2020,7,7,"#covid19",268244
"837",2020,7,7,"#coronavirus",115824
"838",2020,7,7,"#covidãƒ¼19",55739
"839",2020,7,7,"#trumpvirus",55657
"840",2020,7,7,"#covid",31078
"841",2020,7,8,"#covid19",333423
"842",2020,7,8,"#coronavirus",122573
"843",2020,7,8,"#covid<u+30fc>19",47477
"844",2020,7,8,"#covid",33887
"845",2020,7,8,"#saynotougcguidelines",20755
"846",2020,7,9,"#covid19",349457
"847",2020,7,9,"#coronavirus",122187
"848",2020,7,9,"#covid",37700
"849",2020,7,9,"#covid<u+30fc>19",20790
"850",2020,7,9,"#corona",14712
"851",2020,7,10,"#covid19",336628
"852",2020,7,10,"#coronavirus",109204
"853",2020,7,10,"#speakupforstudents",41626
"854",2020,7,10,"#covid",31638
"855",2020,7,10,"#wearamask",12532
"856",2020,7,11,"#covid19",297724
"857",2020,7,11,"#coronavirus",109355
"858",2020,7,11,"#safehands",45863
"859",2020,7,11,"#covid",31270
"860",2020,7,11,"#noexammhrd",26818
"861",2020,7,12,"#covid19",284012
"862",2020,7,12,"#coronavirus",99000
"863",2020,7,12,"#covid",40816
"864",2020,7,12,"#safehands",23888
"865",2020,7,12,"#unidosporlasalud",23328
"866",2020,7,13,"#covid19",355040
"867",2020,7,13,"#coronavirus",115580
"868",2020,7,13,"#covid",27448
"869",2020,7,13,"#apoyosedomex",14035
"870",2020,7,13,"#coronavaccine",10496
"871",2020,7,14,"#covid19",344179
"872",2020,7,14,"#coronavirus",139122
"873",2020,7,14,"#covid",35873
"874",2020,7,14,"#fox35",10659
"875",2020,7,14,"#lockdown",10286
"876",2020,7,15,"#covid19",324102
"877",2020,7,15,"#coronavirus",143681
"878",2020,7,15,"#covid",38210
"879",2020,7,15,"#polriadaptasikebiasaanbaru",18771
"880",2020,7,15,"#cuarentenaradicalysegura",14081
"881",2020,7,16,"#covid19",254751
"882",2020,7,16,"#coronavirus",128043
"883",2020,7,16,"#covid",26780
"884",2020,7,16,"#wearamask",10353
"885",2020,7,16,"#corona",9081
"886",2020,7,17,"#covid19",335845
"887",2020,7,17,"#coronavirus",135172
"888",2020,7,17,"#covid",38752
"889",2020,7,17,"#wearamask",10864
"890",2020,7,17,"#corona",10782
"891",2020,7,18,"#covid19",335809
"892",2020,7,18,"#coronavirus",127793
"893",2020,7,18,"#covid",35598
"894",2020,7,18,"#corona",14863
"895",2020,7,18,"#covid<u+30fc>19",12288
"896",2020,7,19,"#covid19",285974
"897",2020,7,19,"#coronavirus",133802
"898",2020,7,19,"#examsincovidasuicide",44071
"899",2020,7,19,"#covid",41905
"900",2020,7,19,"#covid<u+30fc>19",31791
"901",2020,7,20,"#covid19",301525
"902",2020,7,20,"#coronavirus",137062
"903",2020,7,20,"#covid<u+30fc>19",53651
"904",2020,7,20,"#covid",24802
"905",2020,7,20,"#wearamask",14424
"906",2020,7,21,"#covid19",371816
"907",2020,7,21,"#coronavirus",123348
"908",2020,7,21,"#covid<u+30fc>19",35110
"909",2020,7,21,"#covid",31251
"910",2020,7,21,"#wakeupmhrd",19385
"911",2020,7,22,"#covid19",351347
"912",2020,7,22,"#coronavirus",121474
"913",2020,7,22,"#covid",33242
"914",2020,7,22,"#corona",16684
"915",2020,7,22,"#covid<u+30fc>19",16573
"916",2020,7,23,"#covid19",348226
"917",2020,7,23,"#coronavirus",117782
"918",2020,7,23,"#covid",33417
"919",2020,7,23,"#covid<u+30fc>19",15327
"920",2020,7,23,"#corona",14442
"921",2020,7,24,"#covid19",342387
"922",2020,7,24,"#coronavirus",116562
"923",2020,7,24,"#covid",31702
"924",2020,7,24,"#corona",16107
"925",2020,7,24,"#covid<u+30fc>19",14654
"926",2020,7,25,"#covid19",291384
"927",2020,7,25,"#coronavirus",103673
"928",2020,7,25,"#covid",26271
"929",2020,7,25,"#covid<u+30fc>19",22694
"930",2020,7,25,"#donateplasmasavelives",18164
"931",2020,7,26,"#covid19",304721
"932",2020,7,26,"#coronavirus",92808
"933",2020,7,26,"#covid<u+30fc>19",58089
"934",2020,7,26,"#covid",27846
"935",2020,7,26,"#vivanlosmédicosdelapatria",21300
"936",2020,7,27,"#covid19",316530
"937",2020,7,27,"#coronavirus",100528
"938",2020,7,27,"#covid",36771
"939",2020,7,27,"#covid<u+30fc>19",34546
"940",2020,7,27,"#lasaludesprimero",24095
"941",2020,7,28,"#covid19",350051
"942",2020,7,28,"#coronavirus",106724
"943",2020,7,28,"#hydroxychloroquine",69391
"944",2020,7,28,"#covid",52452
"945",2020,7,28,"#covid<u+30fc>19",19349
"946",2020,7,29,"#covid19",357726
"947",2020,7,29,"#coronavirus",116063
"948",2020,7,29,"#covid",34964
"949",2020,7,29,"#hydroxychloroquine",29789
"950",2020,7,29,"#hcq",18848
"951",2020,7,30,"#covid19",321688
"952",2020,7,30,"#coronavirus",126562
"953",2020,7,30,"#covid",31810
"954",2020,7,30,"#polriajakpakaimasker",16963
"955",2020,7,30,"#corona",11936
"956",2020,7,31,"#covid19",289978
"957",2020,7,31,"#coronavirus",118127
"958",2020,7,31,"#covid",36179
"959",2020,7,31,"#postponejeeneetsept",34945
"960",2020,7,31,"#studentsinscforjustice",17139
"961",2020,8,1,"#covid19",270102
"962",2020,8,1,"#coronavirus",104931
"963",2020,8,1,"#covid",31344
"964",2020,8,1,"#hydroxychloroquine",17559
"965",2020,8,1,"#stayathome",16752
"966",2020,8,2,"#covid19",291230
"967",2020,8,2,"#coronavirus",119325
"968",2020,8,2,"#covid",31918
"969",2020,8,2,"#hrdpostponejeeneet",25506
"970",2020,8,2,"#amitshah",17153
"971",2020,8,3,"#covid19",319761
"972",2020,8,3,"#coronavirus",113007
"973",2020,8,3,"#covid",27764
"974",2020,8,3,"#corona",11532
"975",2020,8,3,"#happyrakshabandhan",8887
"976",2020,8,4,"#covid19",337182
"977",2020,8,4,"#coronavirus",108336
"978",2020,8,4,"#covid",32319
"979",2020,8,4,"#corona",12216
"980",2020,8,4,"#protegetusalud",11129
"981",2020,8,5,"#covid19",355087
"982",2020,8,5,"#coronavirus",89319
"983",2020,8,5,"#covid",34638
"984",2020,8,5,"#protecciónysaludenmarcha",22421
"985",2020,8,5,"#beirut",13537
"986",2020,8,6,"#covid19",330386
"987",2020,8,6,"#coronavirus",88000
"988",2020,8,6,"#savejeeneetstudentspm",76121
"989",2020,8,6,"#covid",29825
"990",2020,8,6,"#corona",13065
"991",2020,8,7,"#covid19",354920
"992",2020,8,7,"#coronavirus",96975
"993",2020,8,7,"#chimalhuacánbajacontagios",44265
"994",2020,8,7,"#covid",32880
"995",2020,8,7,"#polriajakjagajarak",26086
"996",2020,8,8,"#covid19",269437
"997",2020,8,8,"#coronavirus",82352
"998",2020,8,8,"#covid",24678
"999",2020,8,8,"#lockdown",15312
"1000",2020,8,8,"#reducemedicosfees",13352
"1001",2020,8,9,"#covid19",286536
"1002",2020,8,9,"#ntapostponejeeneet",93751
"1003",2020,8,9,"#coronavirus",89076
"1004",2020,8,9,"#covid",39026
"1005",2020,8,9,"#hbdmaheshbabu",18592
"1006",2020,8,10,"#covid19",233081
"1007",2020,8,10,"#coronavirus",80054
"1008",2020,8,10,"#covid",28174
"1009",2020,8,10,"#wearamask",9333
"1010",2020,8,10,"#corona",8405
"1011",2020,8,11,"#covid19",245917
"1012",2020,8,11,"#coronavirus",97492
"1013",2020,8,11,"#covid",26201
"1014",2020,8,11,"#pleasepostponejeeneet",22559
"1015",2020,8,11,"#russianvaccine",11363
"1016",2020,8,12,"#covid19",308486
"1017",2020,8,12,"#coronavirus",103667
"1018",2020,8,12,"#covid",33429
"1019",2020,8,12,"#polriserukancucitangan",22944
"1020",2020,8,12,"#juventudconcienteysolidaria",13519
"1021",2020,8,13,"#covid19",325365
"1022",2020,8,13,"#coronavirus",94322
"1023",2020,8,13,"#sopcantsavejeeneet",72604
"1024",2020,8,13,"#covid",33734
"1025",2020,8,13,"#iamagainstexamsincovid",23215
"1026",2020,8,14,"#covid19",285604
"1027",2020,8,14,"#postponeneetandjee",117058
"1028",2020,8,14,"#coronavirus",91377
"1029",2020,8,14,"#covid",34498
"1030",2020,8,14,"#indonesiamaju",13257
"1031",2020,8,15,"#covid19",272973
"1032",2020,8,15,"#coronavirus",76219
"1033",2020,8,15,"#batallaporlasaludylavida",41020
"1034",2020,8,15,"#covid",31296
"1035",2020,8,15,"#pawankalyanbirthdaycdp",24509
"1036",2020,8,16,"#covid19",285079
"1037",2020,8,16,"#surakshabeforepariksha",102441
"1038",2020,8,16,"#coronavirus",78794
"1039",2020,8,16,"#pawankalyanbirthdaycdp",38335
"1040",2020,8,16,"#covid",23043
"1041",2020,8,17,"#covid19",322071
"1042",2020,8,17,"#coronavirus",95731
"1043",2020,8,17,"#scpostponejeeneet",56529
"1044",2020,8,17,"#covid",33703
"1045",2020,8,17,"#cuarentenaradicalreforzada",19352
"1046",2020,8,18,"#covid19",317073
"1047",2020,8,18,"#coronavirus",80666
"1048",2020,8,18,"#postponejeeneet",45371
"1049",2020,8,18,"#covid",38150
"1050",2020,8,18,"#demconvention",24899
"1051",2020,8,19,"#covid19",339985
"1052",2020,8,19,"#coronavirus",89782
"1053",2020,8,19,"#postponejeeandneet",72264
"1054",2020,8,19,"#covid",29258
"1055",2020,8,19,"#corona",14803
"1056",2020,8,20,"#covid19",314608
"1057",2020,8,20,"#ripsubhasrisave30lakh",88194
"1058",2020,8,20,"#coronavirus",86170
"1059",2020,8,20,"#covid",34020
"1060",2020,8,20,"#postponeneetjee",30904
"1061",2020,8,21,"#covid19",269446
"1062",2020,8,21,"#protestagainstexamsincovid",262955
"1063",2020,8,21,"#coronavirus",89064
"1064",2020,8,21,"#postponejeeneetsept",64287
"1065",2020,8,21,"#swamyjihelpneetjeeaspirants",47422
"1066",2020,8,22,"#covid19",271243
"1067",2020,8,22,"#indiaunitedtopostponejeeneet",213333
"1068",2020,8,22,"#coronavirus",80265
"1069",2020,8,22,"#donarplasmasalvavidas",44638
"1070",2020,8,22,"#indiaunitedtopostponeneetjee",35915
"1071",2020,8,23,"#satyagrahagainstexamsincovid",319539
"1072",2020,8,23,"#covid19",252484
"1073",2020,8,23,"#coronavirus",77343
"1074",2020,8,23,"#polriajakpatuhiprokes",43802
"1075",2020,8,23,"#covid",43344
"1076",2020,8,24,"#swamyjihelpjeeneet",358124
"1077",2020,8,24,"#covid19",319399
"1078",2020,8,24,"#coronavirus",96164
"1079",2020,8,24,"#covid",36217
"1080",2020,8,24,"#responsabilidadydisciplina",34851
"1081",2020,8,25,"#modijipostponejeeneet",394921
"1082",2020,8,25,"#covid19",321013
"1083",2020,8,25,"#coronavirus",88580
"1084",2020,8,25,"#modijihelpjeeneet",58748
"1085",2020,8,25,"#neetjee",37330
"1086",2020,8,26,"#covid19",243162
"1087",2020,8,26,"#antistudentmodigovt",90243
"1088",2020,8,26,"#coronavirus",80904
"1089",2020,8,26,"#postponejeeneetincovid",46348
"1090",2020,8,26,"#neetjee",38024
"1091",2020,8,27,"#covid19",242252
"1092",2020,8,27,"#coronavirus",86410
"1093",2020,8,27,"#antistudentnarendramodi",46930
"1094",2020,8,27,"#covid",30052
"1095",2020,8,27,"#neet",28319
"1096",2020,8,28,"#covid19",271551
"1097",2020,8,28,"#speakupforstudentsafety",106753
"1098",2020,8,28,"#coronavirus",90781
"1099",2020,8,28,"#covid<u+30fc>19",41913
"1100",2020,8,28,"#studentslivesmatter",39088
"1101",2020,8,29,"#covid19",235689
"1102",2020,8,29,"#postponejeeandneet",81714
"1103",2020,8,29,"#coronavirus",76793
"1104",2020,8,29,"#postponeexamsorresignmodi",75133
"1105",2020,8,29,"#covid<u+30fc>19",51689
"1106",2020,8,30,"#covid19",241927
"1107",2020,8,30,"#coronavirus",102018
"1108",2020,8,30,"#mannkinahistudentskibaat",50453
"1109",2020,8,30,"#covid",42842
"1110",2020,8,30,"#covid<u+30fc>19",34895
"1111",2020,8,31,"#covid19",285714
"1112",2020,8,31,"#coronavirus",94494
"1113",2020,8,31,"#covid",36170
"1114",2020,8,31,"#sukseskan3mbersamapolri",35016
"1115",2020,8,31,"#studentsdislikepmmodi",29588
"1116",2020,9,1,"#covid19",290677
"1117",2020,9,1,"#coronavirus",85347
"1118",2020,9,1,"#covid",41477
"1119",2020,9,1,"#speakupforsscraliwaystudents",40614
"1120",2020,9,1,"#jeemain",27799
"1121",2020,9,2,"#covid19",312661
"1122",2020,9,2,"#speakupforsscrailwaysstudends",125575
"1123",2020,9,2,"#stopprivatisationsavegovtjob",124066
"1124",2020,9,2,"#coronavirus",87143
"1125",2020,9,2,"#polrisukseskan3m",35789
"1126",2020,9,3,"#covid19",320473
"1127",2020,9,3,"#coronavirus",79351
"1128",2020,9,3,"#jagakesehatanjaga3m",38774
"1129",2020,9,3,"#covid",37885
"1130",2020,9,3,"#jeefailedpostponeneet",29402
"1131",2020,9,4,"#covid19",304904
"1132",2020,9,4,"#coronavirus",79966
"1133",2020,9,4,"#covid",34263
"1134",2020,9,4,"#pakaimaskerjagajarak",31398
"1135",2020,9,4,"#wearamask",13673
"1136",2020,9,5,"#covid19",214726
"1137",2020,9,5,"#coronavirus",55807
"1138",2020,9,5,"#covid",30656
"1139",2020,9,5,"#rrbexamdates",27891
"1140",2020,9,5,"#speakup",26274
"1141",2020,9,6,"#covid19",249821
"1142",2020,9,6,"#coronavirus",73670
"1143",2020,9,6,"#covidãƒ¼19",42240
"1144",2020,9,6,"#covid",38856
"1145",2020,9,6,"#corona",10904
"1146",2020,9,7,"#covid19",264386
"1147",2020,9,7,"#coronavirus",88243
"1148",2020,9,7,"#parentsdemandpostponeneet",71834
"1149",2020,9,7,"#covidãƒ¼19",49206
"1150",2020,9,7,"#covid",31704
"1151",2020,9,8,"#covid19",331597
"1152",2020,9,8,"#coronavirus",81449
"1153",2020,9,8,"#covid",32043
"1154",2020,9,8,"#covidãƒ¼19",28985
"1155",2020,9,8,"#wujudkepedulianpolri",17931
"1156",2020,9,9,"#covid19",296771
"1157",2020,9,9,"#trumpknew",102198
"1158",2020,9,9,"#coronavirus",88959
"1159",2020,9,9,"#covid",38734
"1160",2020,9,9,"#lockdown2",19233
"1161",2020,9,10,"#covid19",297726
"1162",2020,9,10,"#coronavirus",96924
"1163",2020,9,10,"#trumpknew",78274
"1164",2020,9,10,"#covid",47009
"1165",2020,9,10,"#trumpliedpeopledied",21532
"1166",2020,9,11,"#covid19",305121
"1167",2020,9,11,"#coronavirus",80946
"1168",2020,9,11,"#covid",35706
"1169",2020,9,11,"#trumpknew",17771
"1170",2020,9,11,"#saludalserviciodelpueblo",11704
"1171",2020,9,12,"#covid19",259906
"1172",2020,9,12,"#coronavirus",74322
"1173",2020,9,12,"#covid",27516
"1174",2020,9,12,"#postponeacf",24220
"1175",2020,9,12,"#worldpraisepmikpolicies",19445
"1176",2020,9,13,"#covid19",246790
"1177",2020,9,13,"#coronavirus",75603
"1178",2020,9,13,"#covid",30027
"1179",2020,9,13,"#envideo",10853
"1180",2020,9,13,"#corona",10658
"1181",2020,9,14,"#covid19",312104
"1182",2020,9,14,"#coronavirus",92963
"1183",2020,9,14,"#cuarentenaradicaldisciplinada",35018
"1184",2020,9,14,"#covid",31122
"1185",2020,9,14,"#patuhiprokespadapilkada",15149
"1186",2020,9,15,"#covid19",307315
"1187",2020,9,15,"#coronavirus",80866
"1188",2020,9,15,"#covid",28396
"1189",2020,9,15,"#covidãƒ¼19",12011
"1190",2020,9,15,"#howwegothere",11979
"1191",2020,9,16,"#covid19",326851
"1192",2020,9,16,"#coronavirus",88259
"1193",2020,9,16,"#covid",35049
"1194",2020,9,16,"#china",26331
"1195",2020,9,16,"#howwegothere",18691
"1196",2020,9,17,"#covid19",300893
"1197",2020,9,17,"#coronavirus",84607
"1198",2020,9,17,"#nationalunemploymentday",34812
"1199",2020,9,17,"#baktipolriuntuknegeri",31019
"1200",2020,9,17,"#covid",28720
"1201",2020,9,18,"#covid19",332566
"1202",2020,9,18,"#coronavirus",91536
"1203",2020,9,18,"#covid",30175
"1204",2020,9,18,"#breaking",12849
"1205",2020,9,18,"#corona",11591
"1206",2020,9,19,"#covid19",247870
"1207",2020,9,19,"#coronavirus",71111
"1208",2020,9,19,"#mausehatpakaimasker",41771
"1209",2020,9,19,"#covid",34496
"1210",2020,9,19,"#corona",11404
"1211",2020,9,20,"#covid19",200148
"1212",2020,9,20,"#coronavirus",58900
"1213",2020,9,20,"#covid",20107
"1214",2020,9,20,"#corona",10586
"1215",2020,9,20,"#covidãƒ¼19",7974
"1216",2020,9,21,"#covid19",223352
"1217",2020,9,21,"#wearamask",157310
"1218",2020,9,21,"#coronavirus",61100
"1219",2020,9,21,"#covid",29432
"1220",2020,9,21,"#taatprokessaatpilkada",12752
"1221",2020,9,22,"#covid19",241512
"1222",2020,9,22,"#wearamask",107563
"1223",2020,9,22,"#coronavirus",65616
"1224",2020,9,22,"#covid",31043
"1225",2020,9,22,"#maklumatkapolritaatprokes",15519
"1226",2020,9,23,"#covid19",224267
"1227",2020,9,23,"#coronavirus",63505
"1228",2020,9,23,"#unga",58485
"1229",2020,9,23,"#covid",20882
"1230",2020,9,23,"#wearamask",10534
"1231",2020,9,24,"#covid19",245475
"1232",2020,9,24,"#coronavirus",65704
"1233",2020,9,24,"#bts",29243
"1234",2020,9,24,"#covid",25638
"1235",2020,9,24,"#hidupsehatterapkan3m",25612
"1236",2020,9,25,"#covid19",231118
"1237",2020,9,25,"#coronavirus",55911
"1238",2020,9,25,"#bts",45607
"1239",2020,9,25,"#covid",26637
"1240",2020,9,25,"#covidãƒ¼19",18387
"1241",2020,9,26,"#covid19",185850
"1242",2020,9,26,"#coronavirus",53384
"1243",2020,9,26,"#covidãƒ¼19",28147
"1244",2020,9,26,"#protectenhypen",27248
"1245",2020,9,26,"#covid",19225
"1246",2020,9,27,"#covid19",188860
"1247",2020,9,27,"#coronavirus",52320
"1248",2020,9,27,"#covidãƒ¼19",30194
"1249",2020,9,27,"#covid",26090
"1250",2020,9,27,"#vamosvenciendoalcovid19",23428
"1251",2020,9,28,"#covid19",237533
"1252",2020,9,28,"#coronavirus",63370
"1253",2020,9,28,"#covid",24314
"1254",2020,9,28,"#covidãƒ¼19",18448
"1255",2020,9,28,"#fã³rmulaperfectaplan7mã¡s7",16206
"1256",2020,9,29,"#covid19",265606
"1257",2020,9,29,"#coronavirus",65749
"1258",2020,9,29,"#covid",22374
"1259",2020,9,29,"#wearamask",12380
"1260",2020,9,29,"#corona",11202
"1261",2020,9,30,"#covid19",240756
"1262",2020,9,30,"#coronavirus",57386
"1263",2020,9,30,"#debates2020",46226
"1264",2020,9,30,"#covid",21072
"1265",2020,9,30,"#corona",10581
"1266",2020,10,1,"#covid19",264154
"1267",2020,10,1,"#coronavirus",55511
"1268",2020,10,1,"#ourenhypen",28411
"1269",2020,10,1,"#oursunshinesunoo",21439
"1270",2020,10,1,"#covid",21112
"1271",2020,10,2,"#covid19",203324
"1272",2020,10,2,"#trumphascovid",91625
"1273",2020,10,2,"#coronavirus",68078
"1274",2020,10,2,"#trump",32181
"1275",2020,10,2,"#covid",21416
"1276",2020,10,3,"#covid19",180129
"1277",2020,10,3,"#coronavirus",63660
"1278",2020,10,3,"#trump",28706
"1279",2020,10,3,"#covid",22331
"1280",2020,10,3,"#prokesuntukkitasemua",16970
"1281",2020,10,4,"#covid19",190854
"1282",2020,10,4,"#coronavirus",67913
"1283",2020,10,4,"#covid",27199
"1284",2020,10,4,"#trump",19580
"1285",2020,10,4,"#wearamask",8788
"1286",2020,10,5,"#covid19",257897
"1287",2020,10,5,"#coronavirus",67110
"1288",2020,10,5,"#covid",27926
"1289",2020,10,5,"#trump",17976
"1290",2020,10,5,"#nobelprize",17975
"1291",2020,10,6,"#covid19",236664
"1292",2020,10,6,"#coronavirus",74877
"1293",2020,10,6,"#covid",28104
"1294",2020,10,6,"#trump",23123
"1295",2020,10,6,"#taatiprokeshindarikerumunan",18989
"1296",2020,10,7,"#covid19",211962
"1297",2020,10,7,"#coronavirus",69424
"1298",2020,10,7,"#covid",34404
"1299",2020,10,7,"#trump",12502
"1300",2020,10,7,"#corona",9691
"1301",2020,10,8,"#covid19",236162
"1302",2020,10,8,"#coronavirus",73273
"1303",2020,10,8,"#vpdebate",42126
"1304",2020,10,8,"#covid",30416
"1305",2020,10,8,"#unite2fightcorona",14383
"1306",2020,10,9,"#covid19",249359
"1307",2020,10,9,"#coronavirus",61419
"1308",2020,10,9,"#covid",32138
"1309",2020,10,9,"#endsars",21892
"1310",2020,10,9,"#corona",12131
"1311",2020,10,10,"#covid19",206993
"1312",2020,10,10,"#endsars",64159
"1313",2020,10,10,"#coronavirus",53055
"1314",2020,10,10,"#worldmentalhealthday",32412
"1315",2020,10,10,"#covid",22743
"1316",2020,10,11,"#covid19",216132
"1317",2020,10,11,"#coronavirus",57436
"1318",2020,10,11,"#endsars",33372
"1319",2020,10,11,"#covid",23404
"1320",2020,10,11,"#lockdown",17614
"1321",2020,10,12,"#covid19",231324
"1322",2020,10,12,"#coronavirus",58763
"1323",2020,10,12,"#covid",25275
"1324",2020,10,12,"#sarsmustend",18113
"1325",2020,10,12,"#lockdown",17613
"1326",2020,10,13,"#covid19",272674
"1327",2020,10,13,"#coronavirus",65577
"1328",2020,10,13,"#covid",23635
"1329",2020,10,13,"#kysen",21947
"1330",2020,10,13,"#corona",12051
"1331",2020,10,14,"#covid19",254155
"1332",2020,10,14,"#coronavirus",65350
"1333",2020,10,14,"#macron20h",37958
"1334",2020,10,14,"#covid",29527
"1335",2020,10,14,"#couvrefeu",15711
"1336",2020,10,15,"#covid19",231861
"1337",2020,10,15,"#coronavirus",76568
"1338",2020,10,15,"#endsars",46738
"1339",2020,10,15,"#endswat",43731
"1340",2020,10,15,"#covid",32477
"1341",2020,10,16,"#covid19",246850
"1342",2020,10,16,"#coronavirus",68464
"1343",2020,10,16,"#covid",32459
"1344",2020,10,16,"#endsars",31066
"1345",2020,10,16,"#blametrump",18981
"1346",2020,10,17,"#covid19",223732
"1347",2020,10,17,"#coronavirus",52671
"1348",2020,10,17,"#covid",23661
"1349",2020,10,17,"#blametrump",20837
"1350",2020,10,17,"#endsars",20782
"1351",2020,10,18,"#covid19",256578
"1352",2020,10,18,"#coronavirus",57126
"1353",2020,10,18,"#wearamask",49001
"1354",2020,10,18,"#masks",35194
"1355",2020,10,18,"#sleepingbeauty",33074
"1356",2020,10,19,"#covid19",223683
"1357",2020,10,19,"#coronavirus",60799
"1358",2020,10,19,"#covid",40497
"1359",2020,10,19,"#endsars",22575
"1360",2020,10,19,"#wearamask",19777
"1361",2020,10,20,"#covid19",237658
"1362",2020,10,20,"#endsars",58879
"1363",2020,10,20,"#coronavirus",58502
"1364",2020,10,20,"#covid",33265
"1365",2020,10,20,"#endpolicebrutalityinnigeranow",26827
"1366",2020,10,24,"#covid19",221956
"1367",2020,10,24,"#coronavirus",50965
"1368",2020,10,24,"#covid",28932
"1369",2020,10,24,"#longweekendtaati3m",17495
"1370",2020,10,24,"#endsars",17037
"1371",2020,10,25,"#covid19",217655
"1372",2020,10,25,"#coronavirus",54247
"1373",2020,10,25,"#covid",26815
"1374",2020,10,25,"#trumpsurrendered",20943
"1375",2020,10,25,"#endsars",15265
"1376",2020,10,26,"#covid19",232438
"1377",2020,10,26,"#coronavirus",60147
"1378",2020,10,26,"#covid",31000
"1379",2020,10,26,"#corona",11364
"1380",2020,10,26,"#lockdown",10644
"1381",2020,10,27,"#covid19",239133
"1382",2020,10,27,"#coronavirus",54987
"1383",2020,10,27,"#covid",27184
"1384",2020,10,27,"#reconfinement",15077
"1385",2020,10,27,"#liburpanjangterapkan3m",13941
"1386",2020,10,28,"#covid19",228708
"1387",2020,10,28,"#coronavirus",62353
"1388",2020,10,28,"#covid",39221
"1389",2020,10,28,"#lockdown",26919
"1390",2020,10,28,"#corona",14434
"1391",2020,10,29,"#covid19",266920
"1392",2020,10,29,"#coronavirus",61106
"1393",2020,10,29,"#covid",32175
"1394",2020,10,29,"#lockdown",17502
"1395",2020,10,29,"#corona",12862
"1396",2020,10,30,"#covid19",245389
"1397",2020,10,30,"#coronavirus",60082
"1398",2020,10,30,"#covid",30154
"1399",2020,10,30,"#endsars",18174
"1400",2020,10,30,"#lockdown",13391
"1401",2020,10,31,"#covid19",11413
"1402",2020,10,31,"#coronavirus",3289
"1403",2020,10,31,"#covid",1422
"1404",2020,10,31,"#vote",857
"1405",2020,10,31,"#lockdown",630
"1406",2020,11,1,"#covid19",179706
"1407",2020,11,1,"#coronavirus",52008
"1408",2020,11,1,"#covid",28480
"1409",2020,11,1,"#lockdown",19616
"1410",2020,11,1,"#lockdown2",10024
"1411",2020,11,2,"#covid19",216245
"1412",2020,11,2,"#coronavirus",70291
"1413",2020,11,2,"#covid",31949
"1414",2020,11,2,"#lockdown",20410
"1415",2020,11,2,"#flexibilizaciÃ³nsegurayvigilada",14885
"1416",2020,11,3,"#covid19",229691
"1417",2020,11,3,"#coronavirus",51136
"1418",2020,11,3,"#covid",32470
"1419",2020,11,3,"#electionday",18227
"1420",2020,11,3,"#vote",16661
"1421",2020,11,4,"#covid19",194553
"1422",2020,11,4,"#coronavirus",44897
"1423",2020,11,4,"#covid",23789
"1424",2020,11,4,"#haciaunanuevaan",21241
"1425",2020,11,4,"#lockdown",16666
"1426",2020,11,5,"#covid19",228132
"1427",2020,11,5,"#coronavirus",52575
"1428",2020,11,5,"#covid",28492
"1429",2020,11,5,"#lockdown",20760
"1430",2020,11,5,"#corona",9636
"1431",2020,11,6,"#covid19",213675
"1432",2020,11,6,"#coronavirus",49088
"1433",2020,11,6,"#covid",23411
"1434",2020,11,6,"#covidãƒ¼19",15347
"1435",2020,11,6,"#lockdown",12805
"1436",2020,11,7,"#covid19",172163
"1437",2020,11,7,"#coronavirus",47664
"1438",2020,11,7,"#covidãƒ¼19",21005
"1439",2020,11,7,"#covid",19862
"1440",2020,11,7,"#lockdown",12200
"1441",2020,11,8,"#covid19",136840
"1442",2020,11,8,"#coronavirus",38966
"1443",2020,11,8,"#covid",24987
"1444",2020,11,8,"#covidãƒ¼19",12415
"1445",2020,11,8,"#lockdown",8711
"1446",2020,11,9,"#covid19",225066
"1447",2020,11,9,"#coronavirus",60475
"1448",2020,11,9,"#covid",27208
"1449",2020,11,9,"#vaccine",17961
"1450",2020,11,9,"#pfizer",11942
"1451",2020,11,10,"#covid19",232242
"1452",2020,11,10,"#coronavirus",52315
"1453",2020,11,10,"#covid",27215
"1454",2020,11,10,"#lockdown",12579
"1455",2020,11,10,"#corona",10028
"1456",2020,11,11,"#covid19",226327
"1457",2020,11,11,"#coronavirus",51567
"1458",2020,11,11,"#covid",28059
"1459",2020,11,11,"#lockdown",10480
"1460",2020,11,11,"#corona",9575
"1461",2020,11,12,"#covid19",228249
"1462",2020,11,12,"#coronavirus",52878
"1463",2020,11,12,"#covid",29100
"1464",2020,11,12,"#leerdesbloquea",15313
"1465",2020,11,12,"#lockdown",9486
"1466",2020,11,13,"#covid19",201272
"1467",2020,11,13,"#coronavirus",51782
"1468",2020,11,13,"#covid",27241
"1469",2020,11,13,"#txts",11230
"1470",2020,11,13,"#corruptkelly",10660
"1471",2020,11,14,"#covid19",185852
"1472",2020,11,14,"#coronavirus",42803
"1473",2020,11,14,"#covid",24171
"1474",2020,11,14,"#lockdown",13938
"1475",2020,11,14,"#corruptkelly",12131
"1476",2020,11,15,"#covid19",225982
"1477",2020,11,15,"#coronavirus",43585
"1478",2020,11,15,"#covid",26301
"1479",2020,11,15,"#wearamask",13658
"1480",2020,11,15,"#lockdown",10402
"1481",2020,11,16,"#covid19",217045
"1482",2020,11,16,"#coronavirus",67362
"1483",2020,11,16,"#covid",27868
"1484",2020,11,16,"#wea",24650
"1485",2020,11,16,"#wearamask",11112
"1486",2020,11,17,"#covid19",213861
"1487",2020,11,17,"#coronavirus",61981
"1488",2020,11,17,"#covid",34453
"1489",2020,11,17,"#wearamask",15767
"1490",2020,11,17,"#corona",12390
"1491",2020,11,18,"#covid19",244113
"1492",2020,11,18,"#coronavirus",61031
"1493",2020,11,18,"#covid",30772
"1494",2020,11,18,"#crookedkelly",9880
"1495",2020,11,18,"#lockdown",9815
"1496",2020,11,19,"#covid19",237349
"1497",2020,11,19,"#coronavirus",53583
"1498",2020,11,19,"#covid",31795
"1499",2020,11,19,"#republican",14011
"1500",2020,11,19,"#bingo",13724
"1501",2020,11,20,"#covid19",228309
"1502",2020,11,20,"#coronavirus",53383
"1503",2020,11,20,"#covid",33598
"1504",2020,11,20,"#worldchildrensday",11279
"1505",2020,11,20,"#corona",10409
"1506",2020,11,21,"#covid19",193276
"1507",2020,11,21,"#bts",55918
"1508",2020,11,21,"#coronavirus",42197
"1509",2020,11,21,"#covid",34348
"1510",2020,11,21,"#lockdown",9501
"1511",2020,11,22,"#covid19",170970
"1512",2020,11,22,"#coronavirus",47409
"1513",2020,11,22,"#covid",42897
"1514",2020,11,22,"#ganemoslabatallaalcovid19",24609
"1515",2020,11,22,"#pdmspreadingcovid",15473
"1516",2020,11,23,"#covid19",228140
"1517",2020,11,23,"#coronavirus",52143
"1518",2020,11,23,"#covid",37361
"1519",2020,11,23,"#bts",26587
"1520",2020,11,23,"#army",18488
"1521",2020,11,24,"#covid19",230461
"1522",2020,11,24,"#coronavirus",47990
"1523",2020,11,24,"#covid",33011
"1524",2020,11,24,"#ipoh",14932
"1525",2020,11,24,"#corona",12190
"1526",2020,11,25,"#covid19",220197
"1527",2020,11,25,"#coronavirus",44682
"1528",2020,11,25,"#covid",37370
"1529",2020,11,25,"#delaymdcat2020",25929
"1530",2020,11,25,"#corona",11216
"1531",2020,11,26,"#covid19",183927
"1532",2020,11,26,"#coronavirus",44196
"1533",2020,11,26,"#covid",41619
"1534",2020,11,26,"#thanksgiving",15647
"1535",2020,11,26,"#corona",12490
"1536",2020,11,27,"#covid19",172995
"1537",2020,11,27,"#coronavirus",40648
"1538",2020,11,27,"#covid",28741
"1539",2020,11,27,"#covidãƒ¼19",11775
"1540",2020,11,27,"#corona",10413
"1541",2020,11,28,"#covid19",157698
"1542",2020,11,28,"#coronavirus",36271
"1543",2020,11,28,"#covid",25806
"1544",2020,11,28,"#covidãƒ¼19",17055
"1545",2020,11,28,"#wearmaskprotectlife",16126
"1546",2020,11,29,"#covid19",147566
"1547",2020,11,29,"#coronavirus",33460
"1548",2020,11,29,"#venezuelaprotegida",31876
"1549",2020,11,29,"#covid",28910
"1550",2020,11,29,"#covidãƒ¼19",12757
"1551",2020,11,30,"#covid19",181347
"1552",2020,11,30,"#pltpinkmonday",60470
"1553",2020,11,30,"#coronavirus",41030
"1554",2020,11,30,"#covid",31066
"1555",2020,11,30,"#missguidedcybermon",12411
"1556",2020,12,1,"#covid19",387632
"1557",2020,12,1,"#coronavirus",97610
"1558",2020,12,1,"#covid",62732
"1559",2020,12,1,"#worldaidsday",41924
"1560",2020,12,1,"#givingtuesday",25240
"1561",2020,12,2,"#covid19",26628
"1562",2020,12,2,"#coronavirus",5354
"1563",2020,12,2,"#covid",3712
"1564",2020,12,2,"#covidãƒ¼19",1896
"1565",2020,12,2,"#givingtuesday",1650
"1566",2020,12,4,"#covid19",197475
"1567",2020,12,4,"#coronavirus",39883
"1568",2020,12,4,"#covid",30141
"1569",2020,12,4,"#covidãƒ¼19",22639
"1570",2020,12,4,"#disiplinterapkan3m",21151
"1571",2020,12,5,"#covid19",176263
"1572",2020,12,5,"#coronavirus",39309
"1573",2020,12,5,"#covid",26951
"1574",2020,12,5,"#china",17817
"1575",2020,12,5,"#america",17641
"1576",2020,12,6,"#covid19",153809
"1577",2020,12,6,"#coronavirus",34208
"1578",2020,12,6,"#covid",30535
"1579",2020,12,6,"#covidãƒ¼19",11236
"1580",2020,12,6,"#corona",9627
"1581",2020,12,7,"#covid19",186673
"1582",2020,12,7,"#coronavirus",41700
"1583",2020,12,7,"#covid",25600
"1584",2020,12,7,"#corona",11212
"1585",2020,12,7,"#wearamask",10405
"1586",2020,12,8,"#covid19",86823
"1587",2020,12,8,"#coronavirus",16052
"1588",2020,12,8,"#covid",11021
"1589",2020,12,8,"#deathsantis",5306
"1590",2020,12,8,"#vaccine",4818
"1591",2020,12,9,"#covid19",209602
"1592",2020,12,9,"#coronavirus",40911
"1593",2020,12,9,"#covid",35028
"1594",2020,12,9,"#corona",12128
"1595",2020,12,9,"#vaccine",10252
"1596",2020,12,10,"#covid19",224988
"1597",2020,12,10,"#coronavirus",39881
"1598",2020,12,10,"#covid",32245
"1599",2020,12,10,"#corona",12664
"1600",2020,12,10,"#humanrightsday",9542
"1601",2020,12,12,"#covid19",172177
"1602",2020,12,12,"#coronavirus",33381
"1603",2020,12,12,"#covid",23948
"1604",2020,12,12,"#corona",11197
"1605",2020,12,12,"#lockdown",8888
"1606",2020,12,13,"#covid19",177115
"1607",2020,12,13,"#coronavirus",38990
"1608",2020,12,13,"#lockdown",37387
"1609",2020,12,13,"#disciplinacolectiva",29340
"1610",2020,12,13,"#covid",28335
"1611",2020,12,14,"#covid19",224933
"1612",2020,12,14,"#coronavirus",46054
"1613",2020,12,14,"#covid",30593
"1614",2020,12,14,"#lockdown",30150
"1615",2020,12,14,"#disciplinacolectiva",14568
"1616",2020,12,15,"#covid19",227390
"1617",2020,12,15,"#coronavirus",48035
"1618",2020,12,15,"#covid",30120
"1619",2020,12,15,"#lockdown",19307
"1620",2020,12,15,"#corona",13144
"1621",2020,12,16,"#covid19",224824
"1622",2020,12,16,"#coronavirus",44760
"1623",2020,12,16,"#covid",30396
"1624",2020,12,16,"#lockdown",16456
"1625",2020,12,16,"#corona",12919
"1626",2020,12,17,"#covid19",220529
"1627",2020,12,17,"#coronavirus",57609
"1628",2020,12,17,"#covid",32071
"1629",2020,12,17,"#macron",24108
"1630",2020,12,17,"#corona",12721
"1631",2020,12,18,"#covid19",219084
"1632",2020,12,18,"#coronavirus",46529
"1633",2020,12,18,"#covid",31102
"1634",2020,12,18,"#lockdown",12066
"1635",2020,12,18,"#vaccine",11863
"1636",2020,12,19,"#covid19",194556
"1637",2020,12,19,"#coronavirus",44571
"1638",2020,12,19,"#covid",29731
"1639",2020,12,19,"#lockdown",15582
"1640",2020,12,19,"#vaccine",9646
"1641",2020,12,20,"#covid19",231698
"1642",2020,12,20,"#coronavirus",51801
"1643",2020,12,20,"#disciplinaanteelcovid19",29281
"1644",2020,12,20,"#covid",28077
"1645",2020,12,20,"#lockdown",9514
"1646",2020,12,21,"#covid19",256454
"1647",2020,12,21,"#coronavirus",68662
"1648",2020,12,21,"#covid",34335
"1649",2020,12,21,"#covid20",18610
"1650",2020,12,21,"#mutation",12686
"1651",2020,12,22,"#covid19",214239
"1652",2020,12,22,"#coronavirus",53080
"1653",2020,12,22,"#veto",33118
"1654",2020,12,22,"#covid",30823
"1655",2020,12,22,"#corona",9345
"1656",2020,12,23,"#covid19",224670
"1657",2020,12,23,"#coronavirus",45432
"1658",2020,12,23,"#covid",38961
"1659",2020,12,23,"#corona",10863
"1660",2020,12,23,"#solidaridadycooperaciÃ³n",10449
"1661",2020,12,24,"#covid19",191897
"1662",2020,12,24,"#coronavirus",35529
"1663",2020,12,24,"#covid",25501
"1664",2020,12,24,"#tnipolrijaganataru",16957
"1665",2020,12,24,"#solobrathukesobetter",9711
"1666",2020,12,25,"#covid19",126875
"1667",2020,12,25,"#coronavirus",32272
"1668",2020,12,25,"#covid",17737
"1669",2020,12,25,"#christmas",11854
"1670",2020,12,25,"#merrychristmas",8348
"1671",2020,12,26,"#covid19",172510
"1672",2020,12,26,"#coronavirus",43787
"1673",2020,12,26,"#covid",29104
"1674",2020,12,26,"#navidadenfamilia",8229
"1675",2020,12,26,"#lockdown",7981
"1676",2020,12,27,"#covid19",177816
"1677",2020,12,27,"#coronavirus",45336
"1678",2020,12,27,"#cuÃ­datedelcovid19",39759
"1679",2020,12,27,"#covid",28225
"1680",2020,12,27,"#covidãƒ¼19",26382
"1681",2020,12,28,"#covid19",194731
"1682",2020,12,28,"#coronavirus",53778
"1683",2020,12,28,"#covidãƒ¼19",42998
"1684",2020,12,28,"#covid",32500
"1685",2020,12,28,"#cuÃ­datedelcovid19",10906
"1686",2020,12,29,"#covid19",236542
"1687",2020,12,29,"#coronavirus",54742
"1688",2020,12,29,"#covid",36733
"1689",2020,12,29,"#lockdown",23902
"1690",2020,12,29,"#covidãƒ¼19",19720
"1691",2020,12,30,"#covid19",240431
"1692",2020,12,30,"#coronavirus",52728
"1693",2020,12,30,"#covid",33017
"1694",2020,12,30,"#covidiot",22602
"1695",2020,12,30,"#sputnikvparaelpueblo",20344
"1696",2020,12,31,"#covid19",202430
"1697",2020,12,31,"#coronavirus",40916
"1698",2020,12,31,"#covid",32270
"1699",2020,12,31,"#mcconnellkillssickleave",22466
"1700",2020,12,31,"#stayhome",12107
